{
  "case_type": "cv",
  "n_cases": 138978,
  "models": {
    "M1_complexity_only": {
      "formula": "log_los_days ~ z_n_events + z_n_activity_types + z_n_motions + z_activity_entropy",
      "r2": 0.40918521818922293,
      "r2_adj": 0.40916821302183615,
      "n_obs": 138978,
      "complexity_effects": {
        "z_n_events": {
          "coef": 0.12399202858687793,
          "p_value": 0.2267793576275503,
          "interpretation": "1 SD increase \u2192 log(LOS) change"
        },
        "z_n_activity_types": {
          "coef": 0.8281579725717063,
          "p_value": 3.657514715547388e-65,
          "interpretation": "1 SD increase \u2192 log(LOS) change"
        },
        "z_n_motions": {
          "coef": 0.02769438306150754,
          "p_value": 0.6541743734891834,
          "interpretation": "1 SD increase \u2192 log(LOS) change"
        },
        "z_activity_entropy": {
          "coef": -0.10377486321969837,
          "p_value": 0.00023605957868254304,
          "interpretation": "1 SD increase \u2192 log(LOS) change"
        }
      }
    },
    "M2_with_case_controls": {
      "formula": "log_los_days ~ z_n_events + z_n_activity_types + z_n_motions + z_activity_entropy + C(city) + C(is_mdl)",
      "r2": 0.46129074949440685,
      "r2_adj": 0.4612674910052038,
      "n_obs": 138978,
      "complexity_effects": {
        "z_n_events": {
          "coef": 0.06846692691541661,
          "p_value": 0.5037881024818975,
          "interpretation": "1 SD increase \u2192 log(LOS) change"
        },
        "z_n_activity_types": {
          "coef": 0.902917983261686,
          "p_value": 2.47761218013031e-77,
          "interpretation": "1 SD increase \u2192 log(LOS) change"
        },
        "z_n_motions": {
          "coef": 0.08097835977849625,
          "p_value": 0.19038564448891826,
          "interpretation": "1 SD increase \u2192 log(LOS) change"
        },
        "z_activity_entropy": {
          "coef": -0.15157363488645292,
          "p_value": 8.486922560511373e-08,
          "interpretation": "1 SD increase \u2192 log(LOS) change"
        }
      }
    },
    "M3_with_judge_fe": {
      "formula": "log_los_days ~ z_n_events + z_n_activity_types + z_n_motions + z_activity_entropy + C(city) + C(is_mdl) + C(District_Judge)",
      "r2": 0.47685498492048417,
      "r2_adj": 0.4766478688709789,
      "n_obs": 138978,
      "complexity_effects": {
        "z_n_events": {
          "coef": 0.0876302070511439,
          "p_value": 0.399442826804977,
          "interpretation": "1 SD increase \u2192 log(LOS) change"
        },
        "z_n_activity_types": {
          "coef": 0.9121045139114743,
          "p_value": 1.2579257081617679e-78,
          "interpretation": "1 SD increase \u2192 log(LOS) change"
        },
        "z_n_motions": {
          "coef": 0.06024370167864925,
          "p_value": 0.3391930301337942,
          "interpretation": "1 SD increase \u2192 log(LOS) change"
        },
        "z_activity_entropy": {
          "coef": -0.16467481248567767,
          "p_value": 6.392976739189847e-09,
          "interpretation": "1 SD increase \u2192 log(LOS) change"
        }
      }
    }
  }
}