{
  "n_train": 120940,
  "n_test": 30236,
  "M1_complexity_suit": {
    "R2": -3.351714147801607,
    "R2_log_scale": 0.511690202479032,
    "MAE": 307.64930763799083,
    "RMSE": 1052.0109460693718,
    "n_features": 17
  },
  "M2_add_judge": {
    "R2": -3.090629441308689,
    "R2_log_scale": 0.5332262377726752,
    "MAE": 300.21360499232827,
    "RMSE": 1019.9647164367226,
    "n_features": 64
  },
  "M3_complexity_x_judge": {
    "R2": -2.9710883668695125,
    "R2_log_scale": 0.5436537547334119,
    "MAE": 290.2411469979493,
    "RMSE": 1004.9509250510935,
    "n_features": 111
  },
  "M2_R2_gain_over_M1": 0.2610847064929178,
  "note": "Target=log1p(los_days). sklearn LinearRegression."
}