{
  "n_cases": 151640,
  "los_median": 253.0,
  "los_mean": 425.13711421788446,
  "complexity_index_median": -0.09513936719899974,
  "top_correlates_with_los": {
    "complexity_index": 0.6499316016141647,
    "n_events": 0.6069072613231349,
    "n_motions": 0.5622055998444976,
    "n_activity_types": 0.4585856655548525,
    "rework_ratio": 0.42783085838062745
  },
  "los_by_quartile_median": {
    "Q1": 69.0,
    "Q2": 172.0,
    "Q3": 346.0,
    "Q4": 687.0
  }
}